filename, license-plate, vehicle
8c63cf76166c3bd7_jpg.rf.e63842fc74bf98e39a233a53024821f3.jpg, 1, 1
944281d0485869f0_jpg.rf.e5e018531362887fed53a198f15bc095.jpg, 1, 1
b01d46f9911d558b_jpg.rf.e173ce2e74a946f5d7699fed4b2430fc.jpg, 1, 1
6c144e47161867c2_jpg.rf.ec2a50f3926a6f39eb4c39fbec843f9f.jpg, 1, 1
1f0e643b125f00ec_jpg.rf.e24a4bdd168a8b7bc4da455a76e103b1.jpg, 1, 1
affd16c51644a893_jpg.rf.e7fd0c101b38d22931690b7167ddad67.jpg, 1, 1
28e26a4eb646c67a_jpg.rf.ebc297ef09ec5a7f8dcb0d0989d793ad.jpg, 1, 1
1f1d5bc31e444cc1_jpg.rf.f48852eee96aafdff1d90bb9f3e5f27c.jpg, 1, 1
70e7b5173fe1e289_jpg.rf.ee52c521f328265822a8bbd3ccac8051.jpg, 1, 1
3ed000628c6a0587_jpg.rf.ee04a5eaab345281520634902816a9bb.jpg, 1, 1
8cb5553e75d3d311_jpg.rf.e3806d0ad5061051e7cbb6b4d9cd132d.jpg, 1, 1
044417ca6134604f_jpg.rf.ed7aa69d470a19404ab882bf24cf27fd.jpg, 1, 1
02a6ef3d9bd68e91_jpg.rf.f6172d85f89f248839c13f938daf08f1.jpg, 1, 1
2bd26c63ebf598b7_jpg.rf.e7aa2dc7e2a75ad66d167482a105558b.jpg, 1, 1
80e02a518ffe4cb2_jpg.rf.f8e889ac521be67cbdd6cdb84ecdd52d.jpg, 1, 1
5a122adbb1a776b7_jpg.rf.e400aa454d644ea63d6f81365c11d74e.jpg, 1, 1
a9b2a2018f845393_jpg.rf.f11e98cbbbe047ad1edf2370a696c3e7.jpg, 1, 1
5a3f94aa35766f31_jpg.rf.f259f4cd77838504054fa33a7a8116ef.jpg, 1, 1
76e14d05ee8acb6d_jpg.rf.e4c4ee19a7059beb1609a04bf4145c4b.jpg, 1, 1
aac1aaaf824b63dd_jpg.rf.fdb96649c713cd73499dfc74d5474dff.jpg, 1, 1
6eb18d1ad17cd174_jpg.rf.ef74db2cf0ca9cd341fe1b0ab9a510ad.jpg, 1, 1
4df1448703257ff0_jpg.rf.eab3701cdae0218bfee38fe737fbf553.jpg, 1, 1
16789af24af158d8_jpg.rf.fc736339c7e162dd985aca4b4dbc827c.jpg, 1, 1
0fbd1b85fc01d2ae_jpg.rf.fe227b3fd4422d42c57f875929dce42c.jpg, 1, 1
30b6cfb60bf44533_jpg.rf.fbc07d315feb804c56614187c2c35784.jpg, 1, 1
65e080f9ac466664_jpg.rf.fae5ecbf7651136ef2463314b3e1c16b.jpg, 1, 1
2adddd0b09bb0f17_jpg.rf.fe13745361c1126ce4fb283ff48380c0.jpg, 1, 1
0ee91c4938b6e7ee_jpg.rf.fee1f92dd461febca82abd99efd9a362.jpg, 1, 1
1ca1155083156d72_jpg.rf.f69458ccf7481ccdd8833b28b4a83f7a.jpg, 1, 1
621837d55c229864_jpg.rf.fce67724dbce8d9e18ee66ea428c333d.jpg, 1, 1
548a8e997a66a0c4_jpg.rf.0139e770d085929090f1bc9a1b969325.jpg, 1, 1
2f90aaa72744452d_jpg.rf.0e17c4efd3453d01e55c27ab451054f3.jpg, 1, 1
2619ec27a314e69c_jpg.rf.0d1598cec705deb61d2274477036771f.jpg, 1, 1
3e2306f2cf4b2c67_jpg.rf.0ecdd619e71bd71e2b12f742672c5229.jpg, 1, 1
88fc866f92860d70_jpg.rf.15f733df4a6ad896778e8f8a196acfc1.jpg, 1, 0
911e694dcc0814bf_jpg.rf.14c36fe93e30afbdbb6c158735e6e3fd.jpg, 1, 1
9ebbaf4d1f8d6e7b_jpg.rf.0ba4adf37e24b2b3287ca9cccec3e92b.jpg, 1, 1
4cb48c8bf41b70a4_jpg.rf.1a2d8feecb685c397886de880db57c5d.jpg, 1, 1
25d5c2fbd8b99662_jpg.rf.161b81359c98dba156768154d68ad57a.jpg, 1, 1
99c9c657582f958f_jpg.rf.1426668ee2023032845d5c518d164012.jpg, 1, 1
19eba8ac64eed194_jpg.rf.20bd6b9a33aa4534c8e62a5f61ee41af.jpg, 1, 1
724307be418b2ed2_jpg.rf.18376617b09decaf0d49b8f748c8977e.jpg, 1, 1
955a8e4c8ba8116e_jpg.rf.1cacebe375a3efadbb23d3e523f19763.jpg, 1, 1
a823532e163f5722_jpg.rf.1b0324e32202c4799ebf3de7df2b2fff.jpg, 1, 1
932eef14e5ee78b2_jpg.rf.205053889cf761b26dc8164b3548848c.jpg, 1, 1
5daafbcf76fa6602_jpg.rf.14442dd74aa0e629fe892e73fb65e71f.jpg, 1, 1
12b7ea40074d3b20_jpg.rf.1d9f76176d57b1dfce50f79ed0082b87.jpg, 1, 1
7f9740e95a74f2b9_jpg.rf.1e44a6577ba658d57491a4836bbd3f58.jpg, 1, 1
659dbf4f8c0fd29d_jpg.rf.0a5d58d700e7266920ed6d9418308f84.jpg, 1, 1
43b1b0028dd2db8d_jpg.rf.163eebe0fa7241a2fa3fe53c59813adf.jpg, 1, 1
2fe1f00b77a110a0_jpg.rf.212176020f6182f5999a3a839e194fa3.jpg, 1, 1
5a96f5e1f9be8d42_jpg.rf.1e4bf1c059627c1d842115568aec203b.jpg, 1, 1
44afab29f5fa0abf_jpg.rf.189fa2c400a597627c68eb9a0d010e8b.jpg, 1, 1
017527da8bfeb97d_jpg.rf.17672ad4e825cf9ef7ec613f6be6347e.jpg, 1, 1
74ee6d1b58ae2e70_jpg.rf.1bd30d8bd1c71d1656ca9de97251ad27.jpg, 1, 1
8cdcb833ef1ef049_jpg.rf.21382d2e408d3ccd7dc74c1f356df6f1.jpg, 1, 1
08481c03daf6f35d_jpg.rf.227b7230a71039b5f5a5b6803aa1e22c.jpg, 1, 1
460753acbd6e6dad_jpg.rf.1837e1f26757e554951ae5e0a65aa2b4.jpg, 1, 1
1edfbe8c28a86caf_jpg.rf.1dd07633abdf8f17e32a3d1aa530a454.jpg, 1, 1
87793700161a7a6b_jpg.rf.22eb55ad16b7ad20478d19ee6b3ff877.jpg, 1, 1
43339d9cbca470e4_jpg.rf.2092d252b23417fbd449789aa17aea91.jpg, 1, 1
7a1f9520c7ecd5b1_jpg.rf.230911c4289f614e8c90428e64a43de5.jpg, 1, 1
29f7991e696e6e3f_jpg.rf.2c4c1f752b2f0b3f446eb9d16983df5a.jpg, 1, 0
06b024413ad385a7_jpg.rf.31adef3948b22c2f24716638c98e543b.jpg, 1, 0
35875c388efcddf0_jpg.rf.2e4bfdef8ff7d2c5a6ace544622b8dce.jpg, 1, 1
87b4f1202cd06440_jpg.rf.2ac9ee95057ccf91f52c0e43dfe0de40.jpg, 1, 1
11b155ab5b3331cf_jpg.rf.337311fe1741878589b3954bee0547f5.jpg, 1, 1
288a95c01e43cd14_jpg.rf.2317f3638256e47c39e6f64d50c4fa47.jpg, 1, 1
2d40d6e377c82ec9_jpg.rf.28e8161f6c504b302c1a50f27dd59e45.jpg, 1, 1
46a7991da6461831_jpg.rf.3b1f3b3c75ea936ef74a52b0c71aa89e.jpg, 1, 1
a79296fb4a48245e_jpg.rf.24651ddfc1d4f036cac0bc58ea906b0d.jpg, 1, 1
1e6e75488d7878aa_jpg.rf.2675fb5270fce9c1aa1b1ea02f0f6b12.jpg, 1, 1
647ff22cf6950211_jpg.rf.2e33af1b9b6ee5f8e0c7044a8eb805a7.jpg, 1, 1
057569768fd6303e_jpg.rf.3e38991d0e4c36542cc100f55c38b78e.jpg, 1, 1
16c15b29b30148c2_jpg.rf.2f2dd33f4c36d5984bac383e9c9c2972.jpg, 1, 1
2956bcbedfc167b6_jpg.rf.364ddd3b803dfc2c2680bd5cf12dce1c.jpg, 1, 1
665cac5fd1cc2186_jpg.rf.32764bd596007aa6c4bbfd89e911b1f6.jpg, 1, 1
2b97f5bf137ee8d1_jpg.rf.35201e41c2fa53a6d61c66417c17ea7f.jpg, 1, 1
5021041c726b6ee4_jpg.rf.3e879ba8155ca73e1ae584acc52ce60d.jpg, 1, 1
3d98e3713783e82d_jpg.rf.2b09c12e7a3230ae02ba57e52fec82f2.jpg, 1, 0
643c3cc1a4e85db2_jpg.rf.2db01eb9959635d88ef16759960038d9.jpg, 1, 1
4ff8bebd6d6a0361_jpg.rf.4292650a6004e752add372b8c8b59e91.jpg, 1, 1
5290f4027491d09b_jpg.rf.3f3b30829f571d5321712f126e797f07.jpg, 1, 1
091c033b2a7df15b_jpg.rf.40e8c5f73ca1cdb7cd643d110312847b.jpg, 1, 1
aca8821ff0368720_jpg.rf.3b2e4ceb9495c5fe04dedd841277b759.jpg, 1, 1
0f4bfc46402a9f52_jpg.rf.408104f7cd2af92e7076cdb6e8102861.jpg, 1, 1
11f80fda2c38011c_jpg.rf.46f9e991992916fd43ee643794a15634.jpg, 1, 1
620bd952592bc0e9_jpg.rf.38c15cb6b6cdfd2810cc6221e45f04ee.jpg, 1, 1
3241f09a8964ddfb_jpg.rf.48b943cc08d0bae515a4fb8df9a30e7a.jpg, 1, 1
9034927e7438bdd6_jpg.rf.485aa01eaf4bdb88bd528c8a3d60a779.jpg, 1, 1
a774a6f81fea258b_jpg.rf.3fe3436775be6081646080095eda5a8a.jpg, 1, 1
4ee3f0e9a2fb20a9_jpg.rf.42e5d0ba82f281e92ede5f34c1d13f3e.jpg, 1, 1
2753536137929411_jpg.rf.465d4a26af196ed442beff2c3857d81e.jpg, 1, 1
82b53fe7f9147c96_jpg.rf.42e22dcc3ad6808fd24630b8c8d3a416.jpg, 1, 1
326c3286bcb5b2b0_jpg.rf.4226352a687f0e2c245f33d90ce7340b.jpg, 1, 1
53925df03b471f5d_jpg.rf.4a37171cc642509f5596aed76fc4ad9a.jpg, 1, 1
a21aa7c1d7b93d12_jpg.rf.459bae358e3f6ecb28c0f6c3dcf7704a.jpg, 1, 1
081f5a6bc61b9c48_jpg.rf.49240c093b301a8a596f1212de40d56e.jpg, 1, 1
17585ef2efb5ef9b_jpg.rf.48aabb44e83473e79e289879d41f2fe1.jpg, 1, 1
1eb2ebab9cd7adf6_jpg.rf.39854bfdfc1184d20ae4aac31229ac4f.jpg, 1, 1
4fa24c1abe969cb7_jpg.rf.448070d70a410db1573fe2482dc8e1f3.jpg, 1, 1
0d6ca8553971fefd_jpg.rf.4bd76ae57d750580089a25e947c1d8d5.jpg, 1, 1
9498d0aff8f9ff8c_jpg.rf.48f45d52c4fbc491cd6d5b54d706b9dd.jpg, 1, 1
ae6724423f0d111a_jpg.rf.4b6ce33f62111d30cb31d02dfcfe3401.jpg, 1, 1
3feecc5809a29627_jpg.rf.4ca7d27a3985622ef8b265bf7bbcd39c.jpg, 1, 1
575d96d014e4fbab_jpg.rf.44ac0961e4e6bfe5faef53681f1f774f.jpg, 1, 1
1f34454c4c073e1b_jpg.rf.51b3784a16f91c427d67f4972ed26c39.jpg, 1, 1
b076ad266891d7aa_jpg.rf.429bbd5bcc20fe5ff534efb755799ed8.jpg, 1, 1
28bd6c6b1050e055_jpg.rf.4f139b7736ed163fe5f362bb412f0209.jpg, 1, 1
185fd6653258d3ed_jpg.rf.4fc8daf7d5edd887812b41e5abb28373.jpg, 1, 1
6aff04e9c32aec0f_jpg.rf.4dc1bc81208b8075bb0cd009c1673409.jpg, 1, 1
0673b967f8c68eec_jpg.rf.4faffea417c05ccc1ee9698260279192.jpg, 1, 1
140e8d10ff02e7e7_jpg.rf.4d75a1fb3e22c9901df909c9c4e7b62d.jpg, 1, 1
09453a7c716a9ef3_jpg.rf.5776237b99f425a57da152b3a1adecc3.jpg, 1, 0
5373ec295ea62c47_jpg.rf.4c37ba375aae44010abec238c2958a80.jpg, 1, 1
85f0b4db3eb512ce_jpg.rf.5f776753915463096616a41c6587c07f.jpg, 1, 1
0c756c9366a8cb10_jpg.rf.5448d5081af4eddc034b35111e17a035.jpg, 1, 1
299f0363ae21d1c3_jpg.rf.5bfac70601a5bc5ad1e57f96a4b14b77.jpg, 1, 1
5ff91ccfc6f15d04_jpg.rf.5a4938c97fb03b185fc5566a62266c88.jpg, 1, 1
0787b0fa95f545a5_jpg.rf.5918f5ea12fee9653f005937787e7cd2.jpg, 1, 1
894cacdb385fdb6b_jpg.rf.587b44f08db587e1ed7408d5b50b5334.jpg, 1, 1
128a59bca025bed6_jpg.rf.53f85602d60bdfd64057a8987fd20456.jpg, 1, 1
12d3b6665f7e1cf6_jpg.rf.55b98df77fa4f2a3c9b773ec28593a99.jpg, 1, 1
a52079c6cc4050cd_jpg.rf.55cdcc8e9eed5f8a6d1ef3dc9b702ce4.jpg, 1, 1
6306fc7f3573eb70_jpg.rf.5d8fa9eef0a6ce20bae6ff3a323efe5a.jpg, 1, 1
50c37aeaf19acd5b_jpg.rf.6a6a60ed65b0f96558ecd406377ef6c9.jpg, 1, 1
0801961485534636_jpg.rf.6a30289a294b84db92e68e901cefb15e.jpg, 1, 1
125622a2508e3b1d_jpg.rf.54dfdcb44977cd21fe102c79e2af2014.jpg, 1, 1
9a4fe6361597f264_jpg.rf.54e8f86f1239f5b98911c90550acff79.jpg, 1, 1
ad10c7d29f111692_jpg.rf.68d20b05ed46f3723fe0848808ea6d17.jpg, 1, 1
abca9401dcf8f7ba_jpg.rf.51d0c3f2f9cd74221f7cd9bc58d3f076.jpg, 1, 1
003a5aaf6d17c917_jpg.rf.60e9d14047fc5cd445db13a7bb7264d4.jpg, 1, 1
9995dfc6e0eae5a1_jpg.rf.6c9d2c34969fc3f8057e7ca71f5b3abd.jpg, 1, 1
a56e82026bb71ad5_jpg.rf.6c3d68f3c6749220361374273692fb06.jpg, 1, 1
228bd52bbe043677_jpg.rf.6ad711db0f4e140e223c20f4a024a92c.jpg, 1, 1
18098dc9ee6aad80_jpg.rf.78b900dcb3a8fdc95c0566f08f8657ac.jpg, 1, 1
428a5131c8cff7da_jpg.rf.605747487689d2b3195531eee0aa91e2.jpg, 1, 1
39c193bcc0c00f9e_jpg.rf.781a5ff666724fcd66548b039c467617.jpg, 1, 0
2e95d7a799e23e11_jpg.rf.871ccc4fc83b814cf2b75d6be4294c7c.jpg, 1, 1
61a69ad713142e45_jpg.rf.788c2385590e08a29253fb003fbcc98d.jpg, 1, 1
a67bc3f5f8650c73_jpg.rf.6e3a3bd824cd48f87ce46581e83b6e05.jpg, 1, 1
7275e72e1996267f_jpg.rf.783fcc2e29a1935f15dff26a476366ac.jpg, 1, 1
8ceed1ec9bc3ac45_jpg.rf.7dbd6a94b27f469811be78b617890df9.jpg, 1, 1
628a23a43f19c4db_jpg.rf.6c065a9352d55fe6451308834531f738.jpg, 1, 1
0f0596b1c511e071_jpg.rf.815f845f246014dbc136b0522c7e5c46.jpg, 1, 1
03b7b71e1ffcb7a8_jpg.rf.73fadea76a5c1ed0c8638d5ba36979ec.jpg, 1, 1
66be6b583048fa94_jpg.rf.72b80d2d10de42c54a02c6441d4ab0eb.jpg, 1, 1
5cc19b450a51ee4c_jpg.rf.72020ac43e4fff7a3e380836ace872d0.jpg, 1, 1
9238f5062ff1dc8d_jpg.rf.6187b2d577f93cd320ee3739456d428b.jpg, 1, 1
334f31e809ec9a77_jpg.rf.792f706c95fcd893ad449ca9ece06e6b.jpg, 1, 1
593e594137f374ab_jpg.rf.81dcafde18cc4442d88e438683cbcf7e.jpg, 1, 1
343326e127297379_jpg.rf.881dc6b24cd6b354295df65f3f4914d0.jpg, 1, 1
66771a4870c324f9_jpg.rf.7e0e8a08694e661e565a4131de8f9bd1.jpg, 1, 1
895d440e05b2a8d8_jpg.rf.8730ed5c7eb062a29fce357c2dc3d302.jpg, 1, 1
0727983dd5f9e4e6_jpg.rf.8c94837c18980170b58739110124bac8.jpg, 1, 1
50631041f74001aa_jpg.rf.86535271a5bf51fb4ed1535b47488a0e.jpg, 1, 1
36d7b8b3cca3b0f5_jpg.rf.88cbef001e85fc6ff058ecdfa68f258c.jpg, 1, 1
4148b2126f0986a4_jpg.rf.7b070a1be82b860bec503b46c8d60895.jpg, 1, 1
315aead7766727b8_jpg.rf.7068a7942b48cb749f1012c83be82822.jpg, 1, 1
5df8816356fc2b29_jpg.rf.8b6570bf909e9ad42b82f42c4db06483.jpg, 1, 1
67c834b73882a9f9_jpg.rf.9244beb39fba4d02d40c4524e03e8528.jpg, 1, 1
1ead26febde18ce9_jpg.rf.8d4edb2d9b2cbd16add0b5473d70930e.jpg, 1, 1
064a8def3049d040_jpg.rf.90625fa7457d5b6a2ed8d1981c370f07.jpg, 1, 1
53ad98b12752ad16_jpg.rf.9258a099cae4a3a6c3321898f3b4766c.jpg, 1, 1
37ff77d13a54aac2_jpg.rf.9067ae4e51914e97340679f7da4761e7.jpg, 1, 1
185d5dfa193c4ced_jpg.rf.9cdd189acc892f114ce63a76457ffd73.jpg, 1, 1
1545c73bdecb3e2f_jpg.rf.8e1564eaf230480319dc4101f4452d61.jpg, 1, 1
693acf98575cbe27_jpg.rf.9850e018cf310923df2d29a1800c0f6a.jpg, 1, 1
4793138df3c05610_jpg.rf.972e072f212d074b837a92141438cd97.jpg, 1, 1
a929dc75c20da7d8_jpg.rf.9300a2de5d27c683842fcd23736a5d88.jpg, 1, 1
49595029959689b7_jpg.rf.8c8035268f7f715b849ad01988a4152b.jpg, 1, 1
6a0ef049e5ec4b16_jpg.rf.98d8e331aee243bde7dc31bc5f8fd0f4.jpg, 1, 0
71881a9c0f7f0a86_jpg.rf.9ef668aae602f3126b2c84a232ef173b.jpg, 1, 1
182268e1f8c6525f_jpg.rf.9fc08ed4e7919ff159c56a86f16a6aa7.jpg, 1, 1
a54e7bb80448f3b0_jpg.rf.9c47e418b7a796c755e1747d631eec3d.jpg, 1, 1
934645379fe657e1_jpg.rf.a3883e752400120dfbe2f5008e3e2989.jpg, 1, 1
2e8a83cfb1afe7ba_jpg.rf.8ce8069b705d20adcd2ef9f147d3fc25.jpg, 1, 1
415d64bf8cfe82f2_jpg.rf.a5807ed8f33a1a8c33926249f0c4cd70.jpg, 1, 1
6504632e0dc25997_jpg.rf.9e46d812fbb564225472ef94851d0d85.jpg, 1, 1
2f3887024d298547_jpg.rf.960facd047ab9b5b06dc78aebb995cc6.jpg, 1, 1
98bcfbc4d3c8abbc_jpg.rf.87f26a782d63947d12c83d7a5fd91530.jpg, 1, 1
747b0f12f54703ee_jpg.rf.9cfeb83d4a6b1cf3dd2c4ecd4455a22d.jpg, 1, 1
86c92b0402fec141_jpg.rf.a35170b73727f3b88b332b02251071d2.jpg, 1, 1
4c04b488ddc48225_jpg.rf.a63b3e99374c3f3079498faf390ef77b.jpg, 1, 1
908a3ac555a1a509_jpg.rf.9b6de09ca6fe8651c3fae8fcdda598c1.jpg, 1, 1
3e156de979eb0828_jpg.rf.a769843005b0a65849c1293762618561.jpg, 1, 1
3ecd5af7c4f11963_jpg.rf.a5b5b9de5c3a8e7ee286add86d4ffb84.jpg, 1, 1
64de505bd2bac82b_jpg.rf.9f33368fad743b9bfe748d39a949493e.jpg, 1, 1
7f56adf4b9306ac9_jpg.rf.9dc9ab3c02db3fe6b64b764724260709.jpg, 1, 1
9286a99f243b359a_jpg.rf.a414b722f5e0981c32f1700c12433877.jpg, 1, 1
0e50ea14c4fc1353_jpg.rf.af1e1459644dca272075519bbb44bed1.jpg, 1, 1
485e5f37dd13ffab_jpg.rf.b37feba1bce7e1ebf78258013aa553e8.jpg, 1, 1
5581a1b7d2f0f2b4_jpg.rf.af51de43f942942ee217eaf28521a4bb.jpg, 1, 1
63d3df798bc8840f_jpg.rf.b3f8f6505f221285a61d9390931055b0.jpg, 1, 1
4e593c88022ff6b1_jpg.rf.b6761e5b6e9a54de7368c75df91714e5.jpg, 1, 1
53386dae3cf13cc3_jpg.rf.a9d7fb9d64339bd7dc4426d411e6b667.jpg, 1, 1
67945cf7a6beccdf_jpg.rf.bfb9fa6162dc1affd39b6fb9ff3cb899.jpg, 1, 1
54ebca2064066a49_jpg.rf.a718edf5920c4ba66db0ead0996d0fc1.jpg, 1, 1
15a51e29f5ceffd8_jpg.rf.b7fbeeef929ab35ccc982de040787e4a.jpg, 1, 0
008637722500f239_jpg.rf.ba1b8c4fa65629e6fa77040edbec4a87.jpg, 1, 1
a6e3b0b73220cd32_jpg.rf.b36ceec258cb3cae076a055265e16c9f.jpg, 1, 1
5641e6ad7d2600f2_jpg.rf.aef41a174f61796cd3abbde588cd31c8.jpg, 1, 1
7cbc7ee444622a66_jpg.rf.c413df997fe7fc1b53477b73be804506.jpg, 1, 1
23c2c79a9febbf3e_jpg.rf.b25deda249c3ead5d9305237cd03f8bb.jpg, 1, 1
1a3e9d87d733ff7f_jpg.rf.ba1b45c533408790cfb186090a5bd673.jpg, 1, 1
0cacb08195a3e2d7_jpg.rf.c476bb424132c7c128aff2715b9016e8.jpg, 1, 1
26183d88c4f8012f_jpg.rf.b9d1ec7045a2a9131859b0b18c8d203e.jpg, 1, 1
9a795bbf4e94d630_jpg.rf.c4e7bd53f92019ae6ed8d5146852676d.jpg, 1, 1
488722909dd9c0ac_jpg.rf.bb9d52abec20804520e1e3e5055a0bf5.jpg, 1, 1
2a3e44107826e876_jpg.rf.a81310fb9b5e4656c8bad4af68958d5a.jpg, 1, 1
2c09fab0221652c5_jpg.rf.c43866861098c55fd261403806f6041e.jpg, 1, 1
aefe747315dd79fc_jpg.rf.c5fca180f028eda93b4b4b6534d3c82e.jpg, 1, 1
73467682c5995b65_jpg.rf.c50f3fdd706c7932c40b0b4ebdb46d87.jpg, 1, 1
27798906120ea394_jpg.rf.c89a5445810fcb7ae742548327364234.jpg, 1, 1
90abd4265adf5a00_jpg.rf.c965a37748146270cec658114a0df1a7.jpg, 1, 1
1071b237587a698b_jpg.rf.bcd0aa0b1744a53862781d3e777753e2.jpg, 1, 1
6e819dc674a74078_jpg.rf.ab8eef002d1ac35ef709ed968ff0d568.jpg, 1, 1
5fb888d79b551331_jpg.rf.b5fee649bb7814d73d90fdd22ce129bc.jpg, 1, 1
4b3aba5dfb7a0492_jpg.rf.c3c61189479caf4a4fe01f7e671dac56.jpg, 1, 1
7b4e86e1c94d65de_jpg.rf.c9f2c7cca1d2fd9dd2f29ee4264e4eb9.jpg, 1, 0
2d6640fb230770fd_jpg.rf.c61f1b3533c7d1f81f55ef17c74de8b4.jpg, 1, 1
246a0e4264a39433_jpg.rf.c7b49864a35b789817e56971401cb8a6.jpg, 1, 1
80d21c58a71a0751_jpg.rf.a790b0cb81061f58c17bd18f225c96fd.jpg, 1, 1
a72a8cda1bb31e34_jpg.rf.cb56cb539638d5d422b633311ab1ec22.jpg, 1, 1
749b4451492fc250_jpg.rf.ce98aad3e8eb5705d412fc643b49c6ac.jpg, 1, 1
0170ea8e1a33375a_jpg.rf.cf0bc32e208fca4f66def753277ff9e0.jpg, 1, 1
8cca720c410ee7f8_jpg.rf.ca0d7c13ca8a8e78ff4de32fd69e151a.jpg, 1, 1
844adfe06e003c09_jpg.rf.bfc4c5ed5206fd5b58c831bca3a52256.jpg, 1, 1
321ffb38656f7311_jpg.rf.cb821b1d26396bcec3659fade1554f50.jpg, 1, 1
4e2cb95b9c509b10_jpg.rf.d177639b266e4251c585929be0e93e16.jpg, 1, 1
1db3793d7c84faa1_jpg.rf.cecec81b21ef77ef9194e0761437fa62.jpg, 1, 1
99732f172ac80128_jpg.rf.d51afc783137845b30c14b7f2ce13ff4.jpg, 1, 1
19ff847d0cd1c5ec_jpg.rf.cb12b9c6bd8b9dacb3640fa83c2cdca2.jpg, 1, 1
00723dac8201a83e_jpg.rf.d9a3c0ebd7bf1f3382b17ac4fb609474.jpg, 1, 1
62bb93bbd270dd9a_jpg.rf.dd3a0c825232320775f78cc5bdf443b6.jpg, 1, 1
90596bf3313e72e3_jpg.rf.df87060473558e1509ed512a8ca1246c.jpg, 1, 1
7bcf6b4ec09f1ea7_jpg.rf.cc7174ad530e182914ce764ed5589f06.jpg, 1, 1
b1096bc91a89b0cf_jpg.rf.d722e298f3c8a333c251f3eff4519604.jpg, 1, 1
71dbb47ebe504abe_jpg.rf.c9d8f50a3aef825f849eff7581545c54.jpg, 1, 1
302d636c896c263f_jpg.rf.d64928a4b88a0aaf74b75c74308f1eae.jpg, 1, 1
33e0333ff031c4fb_jpg.rf.ca039e5ff2fb0f38d8febfb218a10187.jpg, 1, 1
54bd93e5a4de808a_jpg.rf.d3e95629c84e58d0676109ec3ca19f76.jpg, 1, 1
9c92cadb0f6237c0_jpg.rf.def344d07f125fcce5761b8dc175769e.jpg, 1, 1
6846c275ded01f85_jpg.rf.c927b24a8935e84fe7071c427d154e43.jpg, 1, 1
a3ad91fabd188be3_jpg.rf.d5fe6164cf78cca8450a1d4be5190d53.jpg, 1, 1